dataset,nodes,edges,damping,tolerance,iterations,converged,final_l1_error,time_seconds
synthetic_1000,1000,6000,0.50,1e-10,16,true,2.55391623648e-11,0.0001321
synthetic_1000,1000,6000,0.75,1e-10,21,true,7.10758215521e-11,0.0002024
synthetic_1000,1000,6000,0.85,1e-10,24,true,5.68532015628e-11,0.0001678
synthetic_1000,1000,6000,0.90,1e-10,25,true,9.10623000887e-11,0.0002157
synthetic_1000,1000,6000,0.95,1e-10,27,true,6.61103331367e-11,0.0002195
