node,custom,networkx,abs_diff
C,0.3784758674621581,0.378475867520658,5.849987161354875e-11
A,0.36932353495576953,0.36932353489216885,6.360068027788657e-11
B,0.2045815499630247,0.20458154996812572,5.101030708942744e-12
D,0.04761904761904763,0.04761904761904763,0.0
