scenario,l1_distance,max_abs_difference,spearman_rank_corr,top5_overlap
base vs edge-added,0.017484749476620154,0.004341704512597636,0.9968105065666043,5
base vs edge-removed,0.008583742594764297,0.0021661017749279067,0.9984990619136962,5
